BedCt,AreaCd,Phone,PerDiem
123,781,7299370,13587
174,978,4750944,26332
54,508,6790144,16033
176,413,7892200,23939
142,508,9918600,25946
55,781,5955500,15246
94,978,9392196,17625
101,781,8482050,25564
64,781,6316120,28630
167,617,7695100,26947
135,978,5358700,14989
138,508,5836000,20782
123,978,7721704,22146
83,617,5222600,31999
22,781,4381116,26381
120,508,2261650,26770
77,978,3735697,17119
120,781,5855561,16135
169,508,5806800,23048
169,781,4388515,31656
164,508,7557300,27525
53,508,6519200,24753
96,508,3932368,12513
154,508,2349771,20352
152,508,3669933,24082
123,508,9981188,24925
73,508,9973358,19379
156,617,4891200,21387
32,781,4306000,13526
205,617,7381500,18958
44,978,6821614,23069
57,413,2584731,30139
54,413,4454056,26411
169,508,8726750,28849
33,508,8835818,21798
73,508,4731272,31611
131,978,8513121,18812
75,508,7915543,23815
92,781,3447300,1685
132,978,9272020,14894
96,617,8253905,2139
121,617,2652350,13571
142,508,7598880,21255
120,508,5863696,29144
177,781,8483100,24579
118,508,9977787,3117
135,508,9979396,12736
159,978,7772700,32340
120,781,4494040,13337
43,508,6974616,15442
64,978,4624221,18647
78,617,7310515,24152
123,508,5888550,29850
49,781,8639660,24448
81,508,9433889,24126
160,617,3330600,25645
120,413,7743143,3268
83,617,8644267,14343
70,781,7884795,29051
123,508,8888222,30738
120,508,7781835,25162
65,781,5459477,25623
120,617,7311050,15288
135,978,3713400,21078
202,978,9273260,28198
164,413,5387941,20885
211,781,8627400,21111
160,978,4545644,17973
154,508,7930088,15723
154,508,9964600,25946
202,617,9694660,13012
125,413,5863150,25825
150,978,5310772,30534
168,781,9611160,27952
254,413,5253336,15817
154,781,3409800,31781
132,978,9880888,28594
179,781,2758700,2838
55,508,8796100,12940
300,508,6790011,29935
107,978,6863906,31322
134,413,2568185,14540
160,413,7374756,24011
123,413,7743724,25913
124,781,7627700,1875
123,617,8846766,29595
82,617,8892250,31311
88,781,2338123,15683
75,617,2445407,23339
68,413,5927738,31413
156,508,7543800,21127
70,781,3265652,13957
142,508,6757589,32436
45,508,3519355,20471
205,781,3373121,20821
92,781,8710200,26454
45,781,8210820,18977
16,978,5367950,2856
88,978,5362150,13720
123,781,3412300,31681
43,617,7347138,30979
111,978,4655361,24365
86,508,3799700,15832
109,508,4730435,13837
30,508,8725250,24598
224,781,3915400,16762
89,413,6843212,1938
112,508,6794866,29986
208,978,4545681,16954
33,978,5691071,25147
33,781,9444410,25390
145,781,3291520,26838
76,978,5466311,30935
130,781,3245600,2060
30,508,6696741,27390
190,617,5692100,29531
32,508,5432131,25512
50,781,4728300,29321
119,413,5256361,15335
195,617,8845700,28912
154,413,5845057,20329
114,508,6551000,20122
84,781,2372161,2432
191,781,7626880,1335
45,781,6627500,2925
20,978,2873620,19869
152,781,8618630,28140
169,978,4583388,19120
180,413,5284560,32477
176,508,7301070,31074
62,508,6796172,21960
122,413,7743111,21320
87,978,3433530,18620
160,978,3450146,30417
82,508,5284600,32187
133,508,2224950,16423
124,978,6328776,15758
133,617,3251230,22124
164,781,3910800,21582
101,978,2810333,22925
100,413,5625464,32319
88,413,5283320,31536
36,781,2460211,1260
123,978,7415700,15056
123,508,5876556,32639
142,617,7734222,25857
107,508,9470332,14476
128,978,3731747,29522
142,781,7494774,21945
80,781,3839060,20924
142,508,9966763,27748
120,978,7746955,16921
73,617,3324730,18926
154,781,8287450,21132
123,413,7868000,16373
124,413,7868000,18676
122,413,7868000,19982
164,413,7868000,24874
142,978,4590546,25979
101,508,7918131,23344
26,508,6791411,29745
168,978,3434411,25540
120,413,5848457,23172
265,413,4452300,21966
123,508,8294327,27038
113,508,8521000,25512
102,413,5387470,30910
120,978,7773740,2215
77,508,9470151,26890
84,617,7764420,32733
180,978,5324411,13513
57,781,5810420,18489
141,508,7988653,13789
200,413,5673949,1794
132,508,4574621,16798
71,617,4790837,1482
138,781,8431860,14880
124,508,8728801,29279
106,978,5379327,23912
74,413,6375011,30529
124,508,6790106,23690
89,617,2688968,31988
164,781,9615600,25952
142,781,4619663,24178
142,781,2346300,17156
82,508,8536910,2101
65,781,6314535,23375
91,978,3721081,23939
96,508,9491334,22343
44,617,6637000,17955
120,617,5221550,27071
123,978,9211392,17089
88,413,2432011,18762
100,617,8870001,29140
132,508,9454611,29884
155,978,2639101,22861
123,508,2224182,32790
154,508,8324800,23041
133,978,5370771,2042
124,978,6672166,23641
120,978,4863512,21136
150,508,7479800,21047
154,508,8215700,15598
94,781,6622545,14237
123,781,5929667,12626
117,781,5451370,30556
150,508,5804400,2669
123,413,5963111,30663
123,781,2863100,13290
123,413,5867700,25861
132,781,5347030,19211
100,508,8241467,2731
92,413,5387551,28328
42,413,7821800,15183
123,508,7548877,24936
53,508,2789500,31250
250,978,6856321,14966
129,508,6992740,24472
144,508,3847977,18413
120,978,3883500,25310
366,617,2683333,19565
116,508,8224885,29310
78,508,4853791,30592
123,781,8930240,30730
196,508,4854040,27575
124,508,6509003,27484
40,413,4932752,29355
123,978,8877002,3223
72,508,9577007,22972
123,781,8998600,30477
135,508,8924858,15268
60,978,7253300,26218
142,781,3964400,25021
123,508,5336634,22166
106,781,6657050,18634
130,978,3884682,19387
135,508,4736414,22886
84,413,5386050,29448
69,413,6372660,26394
125,413,5323246,13713
100,413,4997186,19032
102,508,9478632,24917
112,617,4970600,14541
154,978,6827611,14264
80,508,9979314,23062
56,413,6652740,27599
81,978,7740445,3112
80,978,6675123,23662
48,781,2349660,18617
100,508,7462912,30437
110,781,2376400,22077
119,413,6644041,28536
100,617,7269700,14351
123,978,4588773,15799
170,781,7692200,29347
123,508,8523011,26847
123,508,8773300,16256
92,508,8356076,2648
123,508,9474775,2971
122,508,9987807,25863
100,508,8536687,14819
45,508,2280462,1972
117,508,9994561,17681
181,508,2487344,15583
120,978,3731131,17514
124,978,2563151,31357
61,413,2838361,16315
89,781,6489530,14160
53,617,3612388,24240
162,508,7914200,17176
82,508,7756663,30286
160,978,3740707,29330
29,781,5928000,25426
152,978,5320303,27161
81,781,8628151,31164
135,508,2403500,16625
101,508,7474790,13134
186,508,7464343,26433
63,413,7746318,17778
43,508,3843531,19972
49,781,3354352,23687
123,978,4627373,30014
126,978,6858086,13762
122,617,7828113,32234
142,978,2493717,13424
166,508,8677716,29980
106,781,7494983,18621
126,617,4792820,14738
50,617,3258000,23412
183,617,3876560,23870
61,413,5363435,2999
144,508,4816123,22589
82,978,3654537,13528
55,508,6538330,21734
151,978,3695151,24871
107,508,9977448,14754
40,508,6538500,25243
204,781,8483678,15790
99,508,7595752,14174
113,978,2762000,23374
90,508,5635913,28458
86,781,6594901,29571
121,508,5483800,22740
120,508,4772490,18031
107,508,9973193,15288
77,508,9878417,20921
82,508,7543276,16869
56,508,9970791,24953
94,978,6862994,23618
111,508,3787227,27276
217,508,9966751,1908
22,781,3379074,20430
141,617,8682200,31339
183,508,6751001,25094
80,781,2336830,22726
39,508,9942400,18186
62,978,9482552,21051
142,978,2830300,14587
41,508,4877090,25167
44,508,3843400,19784
83,978,4483388,26778
196,617,7312400,23411
103,508,8456786,23920
123,508,7483830,18718
72,781,4449910,26599
88,617,8845660,20338
135,508,6790697,16031
141,617,4230590,17984
128,508,3856034,24740
144,508,7659133,24066
171,508,2387053,23667
152,508,6752500,27190
96,781,8783308,31489
142,781,9827450,19553
123,617,3255400,14618
135,413,4992334,22660
123,508,2347306,32241
137,508,7558605,19194
118,508,5835834,31796
123,617,8256320,22922
172,508,7534791,13140
333,508,8798000,13041
143,978,4225111,19381
82,617,5270023,19313
79,617,3276325,14358
92,978,4439000,16864
93,978,2560231,26569
142,978,6881212,20331
184,413,4588127,31163
101,508,8211085,31486
21,508,9432600,20078
50,508,2552328,16591
42,508,3596050,17382
71,413,5282650,16198
40,508,4294566,31910
80,978,4545438,21454
104,508,2951040,24246
101,978,7770011,24823
85,617,2965585,20977
76,617,3235440,31659
141,617,3251688,17716
172,413,7876700,19856
31,781,7620858,18721
88,617,3328481,30336
96,978,6325477,18765
149,781,2457600,27752
90,508,6603080,17226
175,508,2956264,2693
163,617,9241130,22810
103,508,8796420,17811
135,508,9490644,14440
110,781,8710555,3097
94,508,8230767,20032
123,617,9692300,31862
140,781,3224861,30474
91,508,7526763,31929
117,508,3669131,30233
98,413,5625121,30874
80,413,5682341,27444
123,978,3921144,32679
20,978,3728000,27676
19,508,8712000,17521
180,413,4582111,15750
85,413,3154205,15754
103,413,5362540,14036
90,978,4548086,30485
121,781,7299595,28454
106,508,6966465,29074
120,508,3943514,24448
135,978,4703434,2806
115,978,4581271,15951
173,508,8967046,19214
135,617,2439990,32472
135,413,5251893,16410
100,413,5665511,17866
135,508,4301717,23192
146,978,3727700,25143
142,781,4559090,12620
106,508,2857745,27392
123,781,9421210,16542
66,781,7846781,21671
164,781,5854100,24681
132,413,5322200,13233
120,413,7967511,26438
142,978,4432722,18557
168,413,7333151,31557
160,781,8916100,1872
135,413,5962411,18183
173,508,7913147,23748
140,781,9338175,19940
142,978,6582700,17954
160,508,8523330,24265
160,508,8605000,1581
13,617,8251793,23432
32,978,2495110,16728
57,413,5324892,17869
34,508,8673325,18645
36,978,7440219,17789
11,617,4451868,1537
35,508,7556404,18785
28,978,3455827,14058
37,508,7754881,32465
20,508,8880880,18678
32,508,2485136,17272
36,508,7469406,20691
58,508,8392124,2560
36,617,2880400,3002
30,508,2857944,31392
34,508,7567310,22198
25,508,9939255,28916
18,781,3240150,27094
60,508,8538180,31737
60,508,3653947,16722
26,781,3370772,12512
12,413,7337162,31116
32,617,3615150,15384
26,781,6650521,30971
13,781,4380580,23480
31,978,6825593,12687
20,978,6855505,28651
60,617,5363726,28920
41,508,9943120,22818
28,978,3881010,17423
32,508,7557915,26451
30,978,3748861,25635
24,413,6256560,22654
39,413,5842865,32774
40,781,8932557,1267
30,508,8853338,16864
37,781,5938099,26443
34,781,5957110,21674
87,781,2372161,25440
27,508,8811360,14870
18,617,5275657,2721
60,617,5227600,28711
9,978,4657091,27195
82,508,8538180,22954
25,781,6653188,19487
19,781,2454778,21634
28,978,3437400,26134
24,617,5270023,25323
14,508,8538333,19577
60,508,2268616,21730
25,413,5843776,16819
61,413,5862902,23244
33,508,4320135,20991
24,508,9472155,27873
5,781,9639116,13792
59,617,7760260,14568
36,617,3257900,14658
89,413,7365494,18273
16,781,8780676,22033
14,508,2387262,27480
25,978,5346270,23643
16,508,5830040,19442
20,508,3782451,23647
36,781,3355884,18020
36,508,3765083,22573
28,508,7983727,21879
15,508,8522438,32028
111,978,4631010,30250
25,978,2493511,23974
89,413,7730211,17222
724,413,7940000,31798
74,413,2837651,25731
298,413,4472000,22588
58,781,4533000,20851
164,508,8302005,13211
88,617,6964600,3034
268,617,6678000,29462
405,617,6327000,23577
79,978,2834000,29857
223,978,9223000,22490
404,617,3556000,31449
368,617,4145000,23769
214,617,4145000,13690
162,617,5225800,25673
763,617,7325500,24798
252,508,7711800,30867
159,617,2964000,21515
189,617,4981000,22587
162,617,4981000,1601
41,978,3683000,21316
140,413,5822000,31573
0,617,6323000,13152
150,978,3691400,22515
25,413,5280790,28237
95,508,5485300,21369
224,508,5884000,19647
98,781,3066000,18172
174,781,9793000,12812
103,508,7659771,19758
122,978,   ,28816
134,978,6323420,15289
223,978,6870151,19698
124,978,3742000,24978
198,413,5365221,20132
335,781,7448330,19572
10,978,2735100,28798
189,978,6834000,24797
157,978,4581411,3187
239,978,9376000,16910
79,508,4851121,25321
25,508,6930410,1302
41,617,5237900,28387
1035,617,7262000,29864
229,413,7489000,22931
147,508,3831000,29371
160,508,3831000,13025
145,508,4731190,28322
125,508,8287000,23292
217,617,4923500,25340
19,508,2281200,2686
77,978,7849000,19281
118,617,7545800,32328
265,617,2436000,26144
97,413,5682811,12555
244,978,7411215,16543
128,781,5819200,23714
215,781,7694000,21685
185,508,6745600,32358
40,413,7872000,14130
30,617,7223000,12922
197,508,9417000,21455
370,781,3408000,27590
328,508,6797115,25391
391,508,9971515,16538
74,508,2950880,27767
252,617,7893000,25814
283,508,3635000,16172
132,508,2368000,29895
415,617,6365000,22491
303,508,3341000,19176
431,508,3341000,31949
189,781,7299000,22938
114,508,7990534,25835
12,978,4631000,13936
.,232,7224400,19614
.,617,7313200,29262
.,508,7618500,2687
62,781,9223000,20572
.,617,4690300,26559
.,508,5632276,25088
198,781,2978417,18395
.,508,6782901,19188
.,617,2668800,2078
110,508,7916351,28786
112,617,2543800,15235
166,781,8485353,14161
20,978,9355050,1442
22,978,9355050,28414
168,781,9355050,22430
53,413,5838820,25139
455,617,3258000,17783
220,617,3638913,27850
.,774,6281011,1652
.,617,5228110,25087
294,617,8552000,20773
30,508,8552000,17216
157,781,3440600,21411
43,508,   ,25650
.,781,8282440,26452
131,413,7489000,22326
.,508,2079800,13091
180,617,8764344,18477
132,617,5737000,27975
60,508,8334000,13727
.,978,6155200,24367
45,508,9773000,19817
675,978,8517321,27083
47,413,7876700,31049
90,508,9956900,29392
127,413,7876700,22123
45,781,6476727,29924
.,413,5624131,25468
.,781,8268161,28895
.,781,7627764,24135
10,978,3738222,29950
88,508,8702222,14797
60,978,3728000,27191
166,508,7524681,26935
11,781,3558555,22393
30,617,6323000,20612
16,508,7659971,21128
21,508,8485353,17486
25,781,3440600,31673
15,508,6745600,25465
15,617,7893000,24851
45,508,7936611,30113
0,413,9676211,21696
0,617,5914500,21959
0,617,4245365,21550
0,508,7659771,24423
0,413,4472000,19897
0,617,2964000,21035
0,413,4472750,30137
0,617,2272622,13814
0,617,3280639,22221
0,508,9991102,14864
0,413,2093124,13549
0,508,7999000,30560
0,978,6870151,21622
0,978,4631010,18013
0,978,4631010,29366
0,978,4631010,23818
0,978,4626601,15915
0,978,4631010,2127
0,978,4631010,17024
0,978,7849546,1935
0,617,7327500,23467
0,617,6672203,23765
0,978,7936611,31669
0,413,7842500,27551
0,413,7840000,25333
0,413,7840000,21658
0,413,7942449,31764
0,413,7730211,25945
0,413,7940000,32321
0,413,7840000,18019
0,413,7945890,29423
0,413,   ,27923
0,413,7940000,22920
0,413,7940000,15114
0,413,2837651,28264
0,413,2837651,2991
0,413,9672110,22892
0,413,7940000,13836
0,413,7872500,18833
0,413,7940000,12819
0,413,7945890,15762
0,413,7940000,22578
0,413,2845210,28342
0,413,4472750,24057
0,413,4434761,22785
0,413,4472000,16273
0,413,4477999,14081
0,413,4472750,21661
0,413,4472750,27287
0,413,4472303,18815
0,617,6674607,19493
0,781,4533000,25912
0,781,6673675,28486
0,978,9222900,19985
0,508,8302001,27649
0,508,8302001,23722
0,508,8302001,29086
0,617,6678000,21365
0,508,4731190,2638
0,413,4472750,30157
0,617,6388000,21586
0,617,5342686,29959
0,617,3556000,17970
0,617,3556000,26881
0,978,3556000,13175
0,617,3556000,16466
0,617,6388000,17438
0,617,6388000,19685
0,617,6386911,31791
0,508,4573501,20057
0,617,6673675,18490
0,617,7325537,17514
0,508,7325500,27873
0,617,7325500,23452
0,617,7325537,27690
0,617,4245365,19792
0,617,7893000,13585
0,617,7893000,21033
0,508,9417000,1764
0,617,7325500,14812
0,617,7325500,20824
0,617,7325700,18436
0,413,7659771,26646
0,617,6674607,20761
0,508,8627224,21867
0,508,8625893,29240
0,508,8625552,19920
0,508,8625104,28071
0,508,8625893,14036
0,508,8625010,24149
0,508,8625893,32553
0,508,5884000,29929
0,978,2873100,15541
0,617,4981000,17434
0,617,6651001,31165
0,617,4981000,19033
0,617,4981000,16460
0,617,4981000,29562
0,617,4981000,22482
0,617,4981000,25473
0,617,6651001,23340
0,617,6651001,17795
0,617,6651000,15638
0,617,4981000,14976
0,781,6651001,14383
0,781,4981000,14117
0,617,4981000,30765
0,617,4981000,17269
0,617,4981000,15151
0,617,4981000,24088
0,508,6797115,27969
0,781,9793000,16454
0,508,7710276,30347
0,617,8259660,2104
0,781,3227560,28179
0,413,5822000,18690
0,413,5822212,25350
0,413,5822000,14631
0,413,5822000,29478
0,413,5822000,32017
0,413,5822000,13211
0,413,5822000,14451
0,413,5822000,19666
0,413,4472750,24568
0,781,6248171,1566
0,781,4533000,31834
0,413,7945890,15262
0,781,6324266,15935
0,617,6323000,13212
0,617,6324266,22426
0,617,6324266,28364
0,617,6324266,31243
0,617,6233000,15398
0,508,4273121,28350
0,978,4631010,28074
0,617,2883232,1308
0,508,8287051,23682
0,617,5687294,27586
0,617,0,32769
0,617,6388000,22960
0,978,7262000,27310
0,978,2873100,2810
0,978,2873100,17388
0,978,3691400,27242
0,978,3691400,1752
0,978,2873100,12912
0,978,3691400,15333
0,508,8246911,19349
0,413,4472303,29359
0,413,5280790,2637
0,413,8549645,24817
0,413,5280790,27549
0,508,5485500,13899
0,508,8625010,29360
0,508,8625010,25314
0,508,8625010,15889
0,508,4573504,32355
0,781,9793000,30856
0,508,7294000,26370
0,508,4731190,15292
0,508,7659771,29189
0,978,2834000,22685
0,508,4272601,14539
0,508,4272601,2258
0,508,5884000,12957
0,508,4273000,20237
0,508,4272601,22574
0,617,5225800,14255
0,781,2786001,2094
0,508,7936611,32210
0,781,9793000,28174
0,781,9793000,1279
0,781,9793000,24728
0,508,7659771,13138
0,508,7659771,23451
0,508,7659771,19011
0,508,7659771,28493
0,508,7659771,14355
0,508,7659167,17824
0,508,7659771,18533
0,508,7659771,15688
0,978,   ,23817
0,978,4662190,14773
0,781,9793000,17781
0,781,9797000,14894
0,508,8808721,19597
0,781,8485353,17155
0,781,3804360,15576
0,978,9355050,26756
0,508,9355050,22747
0,617,3258000,31388
0,617,3258000,27649
0,978,6306225,13146
0,978,6323420,14369
0,781,9355050,18196
0,508,7653002,31546
0,978,6870151,19671
0,978,6870151,22270
0,978,6870156,14728
0,978,6870151,28864
0,413,5365221,29982
0,413,5342500,19263
0,508,4222238,31735
0,508,7323200,31917
0,978,7323200,30810
0,978,7313200,20148
0,413,7840000,16257
0,617,4245365,30330
0,617,7325500,21858
0,617,7262000,18735
0,781,7445100,12579
0,781,7445796,17574
0,781,7448796,18458
0,781,7445100,2293
0,978,9223000,25913
0,781,7448330,32434
0,617,6388000,29313
0,978,9468094,22659
0,978,9468094,19398
0,978,6834000,26489
0,978,9468094,19098
0,978,3969250,17946
0,978,9376200,21091
0,978,9376378,19217
0,978,9223000,29426
0,781,9793015,19642
0,978,9376034,23314
0,978,9376201,24887
0,978,9376201,20959
0,978,9348339,27117
0,978,4581411,31043
0,978,4581411,2670
0,781,8268161,22061
0,617,4245365,27854
0,781,   ,27070
0,617,5962500,29412
0,978,9223000,21972
0,781,2225200,2616
0,508,4851121,22796
0,508,4865801,30285
0,617,3556000,20033
0,508,5737900,13938
0,617,5733006,31795
0,617,5733006,29742
0,617,5733000,25448
0,612,5733006,15045
0,617,5733006,12689
0,617,5733006,23175
0,781,   ,20848
0,978,7249300,14977
0,978,8552000,32723
0,800,3330338,15125
0,413,4472000,26245
0,617,6678000,13757
0,781,9793000,16838
0,413,7489176,16051
0,413,7489000,20960
0,413,5365111,26818
0,508,3831000,1712
0,508,6507000,27137
0,508,3831000,17919
0,508,3831000,14897
0,508,3831000,20237
0,508,3831000,12621
0,617,7262000,26827
0,617,7262000,13625
0,781,7262000,17335
0,617,7262000,19379
0,617,7262000,26943
0,617,7262000,12515
0,617,7262000,13830
0,617,7262000,17066
0,617,7262000,18470
0,617,7262000,26936
0,781,7262000,12771
0,781,4856060,16451
0,617,7262000,24222
0,617,7262000,20981
0,617,7262000,30871
0,617,7262000,26011
0,508,4222201,23652
0,508,4731190,27931
0,508,4883890,27664
0,508,4222200,29844
0,508,4731190,19650
0,508,8246911,28210
0,508,8287000,20914
0,508,8246911,17544
0,617,4923500,25886
0,617,4995700,13518
0,617,4995700,14256
0,781,4923500,2628
0,617,4995700,32230
0,617,4995700,29469
0,978,6323420,19645
0,617,7545001,15468
0,617,7385800,23856
0,617,7545001,29745
0,617,7545002,18747
0,617,2436000,32282
0,617,2436000,29597
0,617,2435244,14067
0,617,2436173,29359
0,617,2436173,27510
0,617,2436255,26375
0,617,2436255,20892
0,781,2433155,21221
0,413,5682811,3091
0,978,3544000,28954
0,978,3544000,12975
0,781,2792788,19590
0,508,4275000,1418
0,508,6680385,24847
0,978,3542600,26270
0,978,7411200,15036
0,781,7411215,26929
0,978,7411200,2229
0,781,3407811,19311
0,508,7711800,27821
0,781,3408000,30764
0,978,9376012,19143
0,978,4662191,12777
0,413,7720211,28473
0,508,7936611,20275
0,508,7711800,18625
0,978,3435000,28725
0,508,7936111,13760
0,781,5962500,26390
0,508,7936611,28179
0,978,4581411,29133
0,508,2950880,18343
0,508,7936611,31884
0,508,9417010,25236
0,508,9417004,26862
0,508,9417000,31536
0,508,9417004,20024
0,508,9417000,20976
0,508,9417004,25029
0,617,4145000,21348
0,617,6365000,22319
0,617,2697500,17372
0,617,6388000,14776
0,617,4145000,21059
0,781,3408171,24579
0,781,3408000,19134
0,781,6348171,14894
0,781,6248171,26514
0,781,3408171,16587
0,508,6797013,12999
0,508,6793131,30941
0,508,6793131,3063
0,508,6793131,14310
0,508,6797001,24458
0,508,6797013,24347
0,508,6797001,27410
0,508,6797001,22346
0,508,6797001,19045
0,508,6797001,23532
0,508,6793131,1301
0,508,6797001,21332
0,508,2950880,32740
0,508,9971515,30286
0,508,6797013,29468
0,508,6797013,2670
0,508,2950880,20386
0,508,6797001,23937
0,508,6797001,1809
0,617,2780710,15891
0,508,6745600,29810
0,508,8334001,27777
0,508,8334000,30542
0,978,4906518,25269
0,617,7206400,28488
0,978,0,23392
0,617,5737000,13425
0,617,7206400,20874
0,617,2781077,29290
0,781,0,22973
0,781,7206400,24515
0,508,8334001,15487
0,978,0,24698
0,508,8334001,18540
0,617,5737000,24049
0,978,0,23497
0,781,7206400,16140
0,508,5324240,17865
0,508,8834000,19761
0,781,5737155,3210
0,617,5737000,20865
0,978,0,22774
0,781,5737000,23977
0,781,0,17426
0,781,0,15765
0,508,2281200,29745
0,978,9223000,22110
0,508,6745600,25279
0,508,6745600,23155
0,508,6745600,20361
0,508,6745600,17438
0,508,6745600,24948
0,508,6742000,3081
0,508,3635166,25640
0,508,3635166,16675
0,508,3635166,14383
0,508,3635053,27791
0,508,3636211,18354
0,508,3635166,22625
0,508,3636211,29257
0,617,7262000,14841
0,978,9371400,14994
0,617,4245365,22929
0,508,7936611,27794
0,617,6365000,19615
0,781,0,31061
0,617,6360032,28930
0,508,3340100,24775
0,508,7936611,14566
0,508,3341000,25826
0,508,3340100,18649
0,508,3341000,14528
0,508,3441000,15538
0,617,4981000,13549
0,978,2012977,29255
0,781,3227560,25798
0,413,7479000,26246
0,508,7936611,29554
0,508,8625010,27459
0,617,6678000,32744
0,413,4472303,16336
0,978,6323420,3169
0,781,7299000,25311
0,781,7299000,32292
0,781,7562126,15355
0,781,7299000,15955
0,781,7299000,30827
0,781,7299000,18365
0,781,7592215,13064
0,781,7299000,16899
0,781,7592125,14192
0,978,7299000,30159
0,781,7562125,2709
0,781,7299000,18528
0,781,7562126,13427
0,781,7299000,1470
0,781,7299000,25241
0,781,7562129,22654
0,617,5684439,12773
0,978,2441051,19864
0,781,4272602,30096
0,617,7249300,24786
.,413,8852856,1680
.,781,8250838,2138
.,978,9899902,28516
.,617,7080188,32783
.,413,5965363,27342
.,508,4859300,22938
.,781,2794000,18744
.,508,9901900,31287
.,508,7554010,24797
.,781,6484572,31863
.,978,9222171,2606
.,617,5104086,32545
.,978,9750700,1794
.,781,8946900,13940
.,781,9847226,27481
.,617,3533047,29499
.,617,6421888,18426
.,781,4363352,13217
.,978,9971352,22176
.,617,3023343,24617
.,978,8348200,13734
.,781,4449605,16279
.,617,3901485,12599
.,781,7716550,21711
.,781,3221503,2629
.,781,3163255,29912
.,978,7418020,2494
.,508,8795110,14428
.,978,9757530,30040
.,781,5226900,22656
.,617,6385127,13328
.,617,4718400,16927
.,413,7721900,15747
.,413,7309200,1547
.,508,8889288,22287
.,617,5344222,2278
.,617,5957044,24119
.,617,2933446,18894
.,508,8726750,15278
.,978,7452440,21043
.,978,9216060,22354
.,978,6551823,21217
.,617,4825292,26093
.,617,5535300,21181
.,617,4147779,16497
.,617,5662200,14787
.,781,4346400,28937
.,617,3536630,25560
.,617,3532720,29624
.,508,7550333,26846
.,617,4239575,21370
.,978,4590389,14986
.,413,4990412,14673
.,508,2612000,24259
.,508,4883800,27469
.,617,7871901,22714
.,413,7887366,25554
.,508,5596699,27784
.,617,2778107,2611
.,508,7711294,21490
.,508,7751859,30662
.,413,3746325,32517
.,508,7863030,14130
.,978,3424244,27911
.,617,3021494,15345
.,617,3024194,2922
.,413,7391100,22646
.,781,2758700,24034
.,617,4451123,2328
.,978,5870815,2572
.,508,9260070,13374
.,617,5236400,23281
.,781,3290600,22638
.,781,3290600,1786
.,413,7819000,21063
.,781,9328650,28911
.,617,7236300,1422
.,781,2735100,24261
.,617,7830500,21450
.,413,7371426,22287
.,617,3256700,31345
.,508,9968572,23296
.,413,7327419,22671
.,617,4456655,14589
.,781,8944307,27118
.,413,5841310,18540
.,781,9336700,25239
.,413,5288580,15951
.,978,3232850,1501
.,781,6822096,19457
.,508,4380144,18030
.,413,7741000,28195
.,617,5396780,16585
.,508,5868700,16415
.,617,5068188,15671
.,978,4586282,26588
.,508,2523383,14382
.,508,5407075,23977
.,978,6655901,15759
.,413,7723748,19162
.,508,7564354,2538
.,781,2448480,18426
.,413,7894212,17556
.,617,3836585,14190
.,781,2701144,27160
.,508,7565400,22595
.,413,7391611,2123
.,413,2858722,2226
.,617,3539610,13040
.,413,7390882,25965
.,617,2823200,29163
.,781,4381264,29671
.,413,7741600,30814
.,508,6240202,2949
.,617,4428800,24460
.,781,2704700,19343
.,413,7824878,23191
.,781,8946900,17714
.,781,9253505,27247
.,508,7785255,16989
.,508,5854311,30152
.,617,5693189,29784
.,617,4741777,14294
.,781,8623600,27259
.,508,8521805,18639
.,978,3691113,13047
.,508,7535425,14482
.,617,9598969,20049
.,508,2282689,30697
.,508,5836498,20543
.,978,6871617,26732
.,508,5862660,29448
.,617,8224027,22736
.,508,7563528,23653
.,978,6839505,27120
.,508,6787542,12994
.,978,2329600,30248
.,888,3474565,26467
.,508,2344181,22240
.,617,2670900,32341
.,617,2625200,29471
.,617,8928245,16910
.,508,6723111,19383
.,508,2227555,13736
.,781,3265652,28293
.,508,8793230,18661
.,413,7360395,14346
.,617,2881140,28470
.,978,3494150,24046
.,508,9993126,3021
.,978,2810700,13285
.,508,4272900,23292
.,978,8674095,27027
.,508,5406550,26827
.,978,5522731,18117
.,508,6851770,32576
.,781,4804311,32213
.,508,9926553,16394
.,978,7390290,32693
.,508,7780300,13956
.,781,7624001,17867
.,617,7321455,15293
.,617,8253400,18379
.,617,4952010,19950
.,781,8951200,21065
.,413,7319575,15940
.,508,6798111,19025
.,978,9224490,27678
.,508,2247701,18549
.,413,4456680,27574
.,617,4216018,25977
.,413,4202200,2196
.,413,5329446,28336
.,781,2354950,25126
.,508,7750275,19120
.,508,6780041,13946
.,508,5104483,21974
.,508,6624300,28244
.,617,6613991,25375
.,508,6937900,30317
.,508,6275797,21526
.,617,9835800,30852
.,781,6475327,32557
.,617,7322501,25457
.,978,4578140,22935
.,413,7816485,23683
.,978,3450685,12924
.,781,3066828,22770
.,781,8857252,32261
.,508,2861736,2017
.,978,3902377,27898
.,978,6829222,15455
.,781,5347160,19638
.,413,3153194,23998
.,978,7467850,27325
.,978,4598656,25135
.,508,3340102,24388
.,781,5962502,15046
.,617,3763000,25029
.,781,6318273,22695
.,781,8951199,17563
.,617,2960061,24526
.,724,5976168,23168
.,781,2456334,26220
.,978,2440411,20257
.,508,6992222,28625
.,617,2440123,13750
.,508,5419201,31459
.,978,5522600,30557
.,508,8727674,31139
.,617,8255000,28929
.,781,9903744,12854
.,866,3892727,3117
.,617,2534481,14750
.,978,5218544,27081
.,617,9287364,22242
.,508,7524665,27567
.,413,7348440,32499
.,413,5297777,20712
.,508,2542384,28566
.,978,6273929,2598
.,978,6791200,22711
.,781,9427000,19580
.,781,9864800,12991
.,781,4490020,24099
.,978,3731181,23680
.,413,7877079,20572
.,617,8761176,30423
.,617,6438000,14553
.,978,9222280,2465
.,781,9290553,29843
.,508,8806666,26079
.,978,6838883,23890
.,978,6885750,24815
.,978,5211275,1668
.,800,8257292,20246
.,978,9750395,27910
.,978,4752830,3194
.,978,6635428,27132
.,978,5211186,29776
.,978,2566865,21264
.,978,4597711,25571
.,978,4521776,17964
.,978,4652582,14645
.,978,6827009,21627
.,508,9843384,27681
.,617,3732492,31847
.,508,2474939,13081
.,508,5832155,27251
.,617,4422002,13418
.,508,4879395,23863
.,978,5362150,24167
.,781,2681133,12755
.,617,7516205,28946
.,413,8278959,16476
.,781,7621419,32679
.,978,8186272,30193
.,978,6819652,15738
.,978,5772114,28938
.,617,3767419,32362
.,413,7392440,21227
.,617,6161660,22530
.,508,6789095,23796
.,508,7468353,32069
.,516,8690650,16536
.,508,9493598,15426
.,508,6959933,21991
.,857,5984774,15769
.,617,3680820,28066
.,617,5160280,31793
.,978,7240010,23887
.,508,7656830,13133
.,508,8407772,2471
.,617,2382430,23028
.,508,9291600,30776
.,781,4494670,32518
.,617,4825353,18816
.,617,6820823,1824
.,978,4483388,28480
.,413,5368221,22161
.,781,7698670,14326
.,978,7253300,29873
.,617,4274470,3255
.,508,6798511,29151
.,978,7448388,3060
.,508,6722290,28569
.,978,7886195,13471
.,508,4325760,18218
.,617,4791837,16291
.,413,5846855,14370
.,508,9992321,22737
.,508,9983101,20645
.,978,4631295,27120
.,866,2584738,17536
.,978,2584674,1371
.,508,7788555,16528
.,617,5597616,30254
.,617,6212955,12765
.,508,5806482,27289
.,508,8727277,21865
.,781,5597616,20820
.,781,5843823,32335
.,508,8792250,3231
.,508,3080818,1570
.,508,5804691,1300
.,617,4827555,15479
.,617,4252000,26423
.,781,8788340,16775
.,617,8471950,30144
.,508,9976300,32765
.,978,7506828,26881
.,508,7976100,24153
.,413,7876740,30692
.,978,6825276,19633
.,508,3660406,19544
.,508,6795222,24458
.,508,6742788,20318
.,781,2786003,18937
.,978,6715490,30140
.,781,3299365,17525
.,978,6810323,12994
.,508,4350120,28529
.,413,3359908,1676
.,773,8314701,28566
.,413,7376639,21320
.,508,8219041,2225
.,978,3984517,25850
.,781,2675475,32296
.,617,6366828,31339
.,978,4662725,21943
.,800,2585380,27437
.,508,4865674,19711
.,774,2235224,22690
.,617,2878000,21014
.,781,5820100,19776
.,781,2922146,16695
.,508,8799800,2332
.,413,5921980,27749
.,978,5522731,13052
.,781,5808710,20719
.,978,3738222,26299
.,617,4271000,25424
.,781,7568300,2202
.,781,7566725,20667
.,508,2353500,17282
.,508,8495600,22486
.,508,7532967,25495
.,508,7540700,30797
.,413,2385511,28036
.,978,7257400,13415
.,617,3767427,14824
.,617,3767427,26525
.,866,2584738,29947
.,617,3767415,26194
.,617,3767415,21789
.,508,4732273,29516
.,617,5346100,13989
.,413,7470829,31044
.,508,7577641,14674
.,617,8253400,19767
.,508,9968572,15136
.,508,5808710,31731
.,508,6200024,28731
.,978,7221846,26742
.,413,7327419,28093
.,781,4363352,30445
.,508,6782833,17969
.,508,3221503,24536
.,978,3221503,16720
.,978,3221503,17722
.,978,3221503,31810
.,508,3221503,14082
.,508,0,18225
.,617,3221503,28159
.,781,9328114,14349
.,508,8800514,15854
.,508,2261586,20397
.,617,3581000,30222
.,617,8471950,19253
.,508,2953600,20886
.,617,8471950,20269
.,413,7363668,25727
.,617,6541000,24464
.,857,6541000,13622
.,617,4147779,13460
.,617,4147779,20835
.,857,6541000,2071
.,978,2561444,23351
.,413,4990412,20134
.,413,4990412,27954
.,413,4490412,16263
.,413,4990412,19078
.,413,4990412,13683
.,508,5863800,26366
.,508,5596699,31370
.,508,5596699,20993
.,617,3538383,13026
.,617,4952010,19755
.,978,7452440,20154
.,617,8471950,23025
.,508,5405559,16852
.,508,7751859,32122
.,617,3024194,20687
.,617,3024194,29756
.,978,8514683,28879
.,508,4668677,26242
.,978,8514683,26659
.,617,3024194,32037
.,617,7144534,1799
.,508,8617375,2768
.,978,8265950,25363
.,413,7391100,1827
.,413,7391100,21535
.,413,7391100,25095
.,413,6931002,13910
.,413,6931027,25433
.,413,5681421,24918
.,413,5681421,27981
.,508,6683223,27874
.,978,4592306,20395
.,781,7445100,22213
.,617,7830500,23760
.,617,7830500,27842
.,781,6933800,13574
.,617,5274610,20955
.,413,4392160,21510
.,413,7271426,16523
.,413,5291764,14264
.,413,7746252,30772
.,413,7371426,28653
.,978,5442148,21879
.,413,7323422,16015
.,413,7374718,29187
.,617,8894860,21612
.,617,8892864,27523
.,413,4202222,1949
.,413,4202200,24743
.,508,9968572,24816
.,508,6765708,23265
.,978,7447905,17771
.,413,5841310,16692
.,413,5289311,14599
.,413,5289311,30496
.,413,5289311,26243
.,413,5289311,16475
.,413,4472023,31079
.,413,5289311,27664
.,413,7470707,30479
.,413,5320389,21124
.,978,6329400,21070
.,978,2499490,14522
.,413,2365656,29316
.,978,7401193,25481
.,339,3687696,24110
.,339,3687696,28677
.,339,3687696,28971
.,978,5346116,21450
.,978,5346116,20253
.,978,5346116,28313
.,508,7913261,31577
.,978,3436957,24365
.,508,8289116,18360
.,508,8236124,13612
.,413,4202214,28525
.,413,4202200,21619
.,413,4202200,28111
.,508,4717090,14654
.,508,5402949,31213
.,413,7723748,30030
.,508,8601080,16065
.,617,7894212,1672
.,978,3885652,18186
.,978,6963035,30952
.,508,7565400,25290
.,978,3459400,21546
.,781,3242381,28847
.,413,4426700,30257
.,508,7751859,16369
.,508,6534820,21340
.,508,8806868,14374
.,978,5447780,23714
.,617,8471950,23370
.,508,8607888,23933
.,781,9253500,29292
.,800,8532288,14160
.,508,8521805,13686
.,508,8521805,2004
.,508,8542122,16620
.,508,8521805,16964
.,508,3700113,1928
.,508,8543266,23949
.,508,8542122,1783
.,508,8521805,2926
.,508,8545212,20750
.,508,8542122,32556
.,508,4301599,23882
.,781,3972000,14536
.,508,7709690,21393
.,508,8607999,18311
.,508,7659691,29183
.,508,8607700,28289
.,857,6541000,14959
.,508,8620600,31056
.,508,7550556,13531
.,617,2477555,3211
.,774,2433410,24286
.,781,7755867,26228
.,617,8894860,22125
.,508,2326670,15313
.,413,7368329,28935
.,978,6322321,22045
.,413,2385511,31650
.,978,6896461,20963
.,978,7452440,21958
.,978,2828899,23069
.,508,8607700,22551
.,508,5487118,13188
.,508,8629929,16886
.,508,5391171,14022
.,508,5487118,31843
.,508,5487118,17494
.,781,5406550,21177
.,978,5522734,26852
.,508,5522734,20045
.,978,4106110,14771
.,978,6896652,15082
.,978,9830488,27242
.,978,6863017,21667
.,978,0,20338
.,978,6851770,16948
.,978,6868521,27881
.,508,9926553,2714
.,508,9926553,2732
.,413,2297226,21439
.,617,3542275,19925
.,617,3542275,24122
.,508,7785444,31570
.,978,3691113,29596
.,617,4952010,25026
.,781,4315400,29587
.,781,8491000,2167
.,781,2212506,1255
.,617,6615500,15223
.,978,2506000,20264
.,617,8595000,22223
.,617,2613100,31927
.,781,3065100,1675
.,978,5326000,17565
.,617,6547000,20588
.,617,7304740,20946
.,617,6296000,19360
.,617,9725100,20444
.,617,3252800,2983
.,978,2879300,21324
.,978,5214444,32640
.,978,6815258,13438
.,508,7563528,15332
.,508,9970745,20449
.,508,7424420,13970
.,508,7424420,29996
.,508,8301234,30155
.,508,9940885,17111
.,508,9921500,24743
.,508,2247705,14322
.,413,0,2773
.,413,4202200,14662
.,857,6541000,29670
.,413,2385511,31756
.,508,7718010,32390
.,617,6613991,28849
.,617,6613991,20350
.,617,6613991,1607
.,617,6613991,1560
.,978,2750722,15530
.,978,2831387,1973
.,978,2643500,31791
.,781,5925691,21055
.,508,8281308,24064
.,978,3450685,19291
.,617,4952010,30539
.,978,6833128,1891
.,978,9703346,21152
.,413,5288580,2190
.,978,8470110,28825
.,781,9815500,25269
.,978,4586642,31614
.,800,5769444,32529
.,781,5813900,24145
.,781,5962502,24184
.,781,5962502,17261
.,781,4777086,26278
.,781,5980287,26819
.,781,5988128,15130
.,781,5813900,21897
.,781,5962502,17629
.,781,5813900,19297
.,781,5962502,17566
.,781,5988198,17651
.,781,3972000,27829
.,617,4714715,31336
.,617,3762088,14671
.,617,4718683,19767
.,781,9254552,13782
.,617,6906387,18119
.,781,5962502,22511
.,781,5962502,16139
.,508,6931208,2912
.,617,7267421,20125
.,857,6541000,27659
.,617,3223281,29589
.,857,6541700,22874
.,724,5976168,17279
.,724,5976168,3076
.,724,5976168,13980
.,724,5976168,17579
.,724,5976168,20787
.,978,5976168,1565
.,724,5976168,27938
.,617,4952010,24781
.,781,7348440,14361
.,508,9198190,32477
.,508,3588980,21263
.,978,6871319,29464
.,978,9376045,2681
.,508,8806666,26225
.,866,3892727,22438
.,866,3892727,18680
.,866,3892727,25127
.,866,3892727,28724
.,866,3892727,18044
.,866,3892727,17692
.,866,3892727,18760
.,866,3892727,3088
.,866,3892727,3235
.,866,3892727,28826
.,617,3484865,16138
.,508,3892727,20513
.,866,3892727,25982
.,866,3892727,31278
.,866,3892727,14394
.,866,3892727,30614
.,866,3892727,15451
.,866,3892727,26086
.,401,7705422,16639
.,866,3892727,15826
.,866,3892727,29379
.,508,3892727,20136
.,866,3892727,16949
.,866,3892727,2342
.,866,3892727,23234
.,866,3892727,16431
.,866,3892727,28620
.,866,3892727,28687
.,866,3892727,16833
.,866,3892727,18176
.,866,3892727,26883
.,866,3892727,29836
.,866,3892727,31170
.,866,3892727,25561
.,866,3892727,24010
.,866,3892727,32190
.,866,3892727,18419
.,866,3892727,18355
.,866,3892727,32181
.,866,3892727,32260
.,866,3892727,25260
.,866,3892727,13841
.,866,3892727,17079
.,866,3892727,20879
.,866,3892727,14990
.,866,3892727,12913
.,866,3892727,28190
.,978,3892727,26150
.,866,3892727,12770
.,866,3892727,25841
.,866,3892727,21928
.,866,3892727,27118
.,866,3892727,28123
.,866,3892727,13267
.,866,3892727,14890
.,866,3892727,23848
.,866,3892727,20536
.,866,3892727,14869
.,866,3892727,16313
.,866,3892727,27026
.,401,7705422,14842
.,781,3312533,17084
.,413,7470705,32225
.,978,7524665,13244
.,508,2289189,17698
.,978,5364719,27680
.,781,3966530,18625
.,508,9845333,25291
.,508,2542384,2908
.,857,6541000,1616
.,617,6438101,32633
.,617,6438000,31572
.,781,8347433,17771
.,413,7379544,19590
.,774,2061125,30725
.,781,9346226,28870
.,978,6881176,20515
.,603,8932900,24587
.,978,6872321,28143
.,774,2474939,15169
.,617,2613100,13122
.,508,4879395,14712
.,508,4879395,21225
.,617,7516205,13672
.,617,7516205,27260
.,512,8616399,13281
.,617,7516205,28889
.,617,7516205,22478
.,617,7516205,13143
.,508,7532900,25360
.,978,5324903,29752
.,978,7448388,29078
.,508,8543300,23134
.,617,6161600,32249
.,617,6161600,26412
.,413,7321620,26874
.,617,6161600,14078
.,508,5845400,31081
.,617,5160280,2677
.,781,8894860,23485
.,413,4368221,30586
.,413,5368221,26429
.,413,7372437,17048
.,413,5368221,22386
.,978,2759444,19095
.,617,7698670,14812
.,781,7698670,25662
.,508,4780820,19267
.,781,7698670,18672
.,617,7698670,24857
.,781,2462010,25930
.,978,7452440,12834
.,413,7886195,2833
.,413,7886195,2781
.,508,,3271
.,508,4325829,22564
.,508,5407609,22195
.,508,0,20644
.,413,7886195,12560
.,413,7886195,24043
.,508,7595411,24337
.,413,7886195,23819
.,413,5925414,2156
.,413,5846855,16769
.,413,7722935,14430
.,413,4424003,18263
.,781,3972000,31264
.,508,7546026,15723
.,781,3293201,21331
.,978,9376295,14395
.,978,9348530,13542
.,508,3348698,32510
.,508,9975100,18749
.,617,3767427,14022
.,617,2643500,2432
.,508,4800092,30054
.,508,5804691,20661
.,857,2173700,25783
.,508,5804691,29146
.,508,5212200,26328
.,978,6884901,22840
.,978,8701840,12758
.,978,4521736,29338
.,978,5804691,2014
.,781,0,21642
.,781,8512648,24591
.,508,5804691,15920
.,413,5212879,30838
.,508,8300004,26274
.,978,5421951,27299
.,413,4951500,26973
.,508,3241060,20950
.,781,5804691,28642
.,508,5804691,29099
.,508,7523969,25432
.,617,5349500,28771
.,617,5216700,27648
.,617,1111111,2844
.,617,3183200,29499
.,617,4252085,26677
.,617,2666336,22979
.,413,8607700,15649
.,781,8788340,20337
.,413,7659101,29097
.,508,2227525,22895
.,413,7379544,2568
.,508,8755801,16993
.,978,3734985,28225
.,978,4663820,21951
.,508,6431873,24466
.,413,6649024,18265
.,413,4420402,27323
.,781,2331782,27451
.,413,7655940,14529
.,781,2904970,26621
.,508,8543320,28957
.,508,6751054,28091
.,508,6742788,24591
.,508,6742788,25811
.,413,7993350,19513
.,508,3359908,29996
.,413,5368221,24793
.,413,5368221,27944
.,978,7401220,18423
.,617,2321303,21496
.,978,4234600,24996
.,781,4234600,14262
.,978,4234600,17624
.,508,4234600,29929
.,508,4234600,27676
.,413,4234600,22265
.,508,4234600,18846
.,978,3435631,14696
.,617,8259839,18445
.,617,8259839,2350
.,413,9676241,28653
.,508,8628061,20193
.,508,8628061,25368
.,617,2666336,24199
.,781,3800695,25826
.,508,7965797,15633
.,413,3800695,18310
.,781,3800695,14298
.,781,5820100,24722
.,508,2950383,19399
.,781,8910555,15676
.,781,8910555,26948
.,508,8799800,15358
.,508,8799800,14993
.,781,3319880,2892
.,781,3351404,13036
.,617,9893221,29550
.,413,5943111,13674
.,978,9396654,12877
.,978,8788110,18793
.,978,8788110,20563
.,413,5289311,24331
.,617,8873538,30678
.,857,2024000,26554
.,413,2231831,27622
.,413,4553405,32679
.,508,6858322,3251
.,978,3981136,1833
.,508,3440344,19667
.,617,5134295,12720
.,781,5811181,13735
.,617,7798400,14461
.,781,3255501,32646
.,508,4596937,16873
.,508,7923800,16769
.,978,2649653,25724
.,781,4365071,14792
.,978,6771007,20917
.,978,9370010,19089
.,978,7107266,18718
.,617,7829900,2025
.,781,2623392,14165
.,781,5982454,18660
.,508,3459420,22045
.,978,7714735,21536
.,781,4209344,32274
.,413,7330044,16686
.,617,9344473,13746
.,617,6004547,18388
.,978,6577444,29626
.,978,6400066,18119
.,617,2307118,14859
.,978,4437890,29690
.,413,7890027,24379
.,617,2410003,26353
.,508,4148556,30229
.,978,8845565,22643
.,508,2431189,2208
.,978,7104232,25246
.,617,5667500,24280
.,978,2084975,26364
.,617,6634881,28375
.,978,2088100,28163
.,978,3239729,19035
.,508,7788800,31913
.,508,8534100,3046
.,508,5408770,27426
.,617,9692600,26942
.,617,4721333,16219
.,508,8300999,19893
.,413,7946411,20217
.,617,3088567,18552
.,413,4472862,13918
.,617,3810050,1558
.,617,8885875,27444
.,978,5372273,3078
.,978,5497921,3051
.,978,9309410,15712
.,978,7255505,12582
.,888,9899973,28945
.,781,2842273,27182
.,978,2595907,32289
.,508,5771058,32662
.,508,7965302,32799
.,508,5872121,2919
.,508,8451232,27522
.,978,5367868,25733
.,978,   ,23775
.,413,7460077,14490
.,978,5511218,29169
.,781,3498178,15745
.,413,3632942,23852
.,774,9927068,13365
.,617,6731700,15347
.,978,7618762,27772
.,413,5921762,2884
.,617,3325015,25841
.,857,2032169,23815
.,978,5261125,23178
.,617,5590200,15547
.,508,2921809,20697
.,617,8898744,23030
.,978,4599343,23815
.,781,9642489,24791
.,978,6854700,30675
.,617,8467676,27633
.,508,9778100,1276
.,508,9926278,16079
.,508,2220118,28885
.,413,3344835,29848
.,508,9916596,24775
.,508,2441530,1577
.,978,9043059,22017
.,781,6420880,2274
.,508,7365325,12984
.,978,3900958,2140
.,781,2153815,16266
.,508,3799060,20885
.,978,3288761,15664
.,781,5589555,15731
.,617,5961947,22615
.,508,4858080,30556
.,617,2048035,23178
.,508,8925700,13329
.,978,2878300,30781
.,978,7986590,30545
.,978,3884500,3051
.,413,7313050,30424
.,508,6280850,18925
.,617,3888992,3002
.,978,7352745,23190
.,508,8530509,32299
.,413,5832005,23129
.,413,7328700,32257
.,617,9473311,14158
.,781,4495155,14772
.,508,2791260,14199
.,413,9983178,20216
.,978,3373270,22666
.,781,2730111,22420
.,603,9432817,25241
.,978,5517275,19420
.,617,2543800,1657
.,413,4433525,24880
.,508,8882932,32073
.,413,7331132,23496
.,978,9969790,31755
.,978,7702023,20442
.,781,3913500,2377
.,978,2371572,28650
.,978,8533797,28428
.,978,2211483,19598
.,301,3855743,21043
.,978,9292273,23290
.,978,4620209,31448
.,617,9383860,32651
.,617,2883333,2054
.,781,3962633,28478
.,781,6545544,15240
.,617,4778290,16765
.,508,5885811,25622
.,978,6321230,26711
.,781,3387800,24526
.,978,7280621,17783
.,781,9610804,30878
.,781,5695364,26034
.,413,8493622,23379
.,978,6771272,31323
.,781,2349900,29247
.,617,7538125,19313
.,978,9952533,19355
.,413,5345691,1717
.,508,3661766,19122
.,978,3498426,32240
.,978,5524127,20070
.,978,8517775,2747
.,617,6510707,21818
.,978,3420081,22352
.,781,4779688,28738
.,800,5932454,23756
.,413,2241912,15459
.,978,4552555,31035
.,413,7345200,26371
.,781,8940020,25684
.,508,7130538,16896
.,508,6720675,29949
.,508,4814930,29583
.,978,2045540,26493
.,978,9211697,29342
.,617,6985100,15866
.,508,8731763,16228
.,978,3209858,30441
.,617,7335159,30024
.,781,3266200,29374
.,617,8442004,1677
.,508,7941158,24576
.,978,8761062,25955
.,508,8970800,26365
.,508,7473521,25127
.,508,7335951,26038
.,617,9697517,24656
.,413,5360503,13660
.,508,2029090,20176
.,617,5063876,26551
.,508,8753511,23632
.,978,3751516,20230
.,857,2433814,25880
.,413,7822500,29981
.,781,5937174,29729
.,508,7932933,2283
.,978,4256675,15730
.,508,6533081,3222
.,781,5920511,32015
.,781,6749100,26964
.,978,4554035,18327
.,508,8347761,2585
.,617,6233211,28558
.,413,5627049,3166
.,781,4449910,30437
.,978,6465200,1320
.,978,2282189,15780
.,781,6592342,23139
.,781,4089066,3212
.,508,8265387,32111
.,617,4709797,24863
.,781,6352005,24629
.,978,9438149,19097
.,508,7923760,20270
.,508,9908160,30886
.,978,7281266,17385
.,781,2904000,27913
.,617,4819077,21661
.,781,5950311,27479
.,240,3467488,28738
.,774,2155648,24029
.,857,5766924,20125
.,508,7551228,28122
.,978,2510107,21825
.,413,7477344,22199
.,508,9954242,22816
.,978,9969656,17929
.,774,2436476,13957
.,775,2471221,25775
.,508,8731358,28758
.,413,2431212,2274
.,978,3493073,29224
.,508,3526640,24719
.,617,7730144,20684
.,508,7577878,23281
.,617,6960600,16658
.,978,3498837,1688
.,469,8880858,22871
.,413,8967776,29826
.,508,3630889,13834
.,857,2608461,25564
.,617,3196406,16072
.,774,2762049,12779
.,508,5869700,3103
.,978,3287141,28241
.,413,5920101,21046
.,978,7619281,18417
.,508,6735500,23080
.,617,2680946,32511
.,978,9577654,15486
.,508,9268848,32379
.,617,2306844,28266
.,617,5245005,23316
.,781,5812741,31529
.,413,5847329,14389
.,781,6247070,21139
.,508,9733200,1368
.,413,5674600,17498
.,978,9220088,26173
.,781,5515600,24235
.,781,3447011,15795
.,617,2647100,17853
.,774,8233523,20585
.,617,4393200,22772
.,508,7363661,16129
.,413,3313294,20589
.,202,2568542,2819
.,978,9429808,27478
.,781,9220137,1712
.,617,8259206,1455
.,978,5325592,19557
.,781,6436090,31859
.,781,2812235,27632
.,413,5841060,28224
.,508,4730862,23436
.,508,7567176,32751
.,617,7793361,27538
.,508,9577400,16768
.,617,7769800,26642
.,508,9430612,27920
.,508,6681066,27919
.,413,7890132,3279
.,978,3746300,24391
.,508,8139994,16582
.,617,9241212,30161
.,781,9992642,20017
.,508,9493598,32578
.,508,9900607,16148
.,781,7491310,16457
.,978,5961111,2325
.,508,9988100,14339
.,508,9859076,21657
.,978,3220092,15991
.,413,6644048,19321
.,978,5371661,32742
.,508,4857700,18019
.,978,2510367,32176
.,323,8540678,25355
.,781,3330037,31744
.,617,9245900,19128
.,617,9428664,16110
.,413,5840300,25646
.,508,8214550,15955
.,508,8229200,3129
.,508,4827222,28117
.,978,8513121,19819
.,617,7894289,28184
.,617,6809703,27394
.,508,5862222,23429
.,508,5862222,2561
.,978,3731584,18237
.,617,4911818,14137
.,413,7460777,13671
.,617,2880300,23722
.,781,3407811,30573
.,978,3237811,2671
.,413,5988217,23398
.,413,7870606,3125
.,413,4260989,29770
.,781,5267440,19012
.,781,3373121,12588
.,617,3816248,13028
.,978,4584844,15429
.,781,3955542,2889
.,781,2700339,23063
.,978,3180055,30880
.,978,4481400,14649
.,781,6411018,27555
.,508,3244208,21479
.,508,8226603,1491
.,508,7473332,18545
.,978,2810252,21816
.,978,9100247,2036
.,978,6862807,30862
.,617,6959310,19836
.,774,4446389,14774
.,413,5284560,27138
.,617,9019887,15555
.,978,3429428,29531
.,617,7929548,15428
.,617,4911815,20952
.,617,3330050,23753
.,508,3444144,18189
.,978,6321230,14320
.,508,2913232,23925
.,508,6460135,25912
.,508,8806626,16991
.,617,9128452,22681
.,617,5146340,32089
.,413,7742275,13521
.,617,2884155,20216
.,617,7734222,24056
.,617,5144460,2019
.,617,3313814,14925
.,781,7494774,28415
.,978,4651980,22539
.,508,8803000,18918
.,508,6731290,16920
.,508,2266150,29998
.,978,4534663,12530
.,617,5427458,12770
.,508,4972300,23579
.,508,2898826,16768
.,617,7828899,24042
.,617,8255000,30319
.,617,8255000,31070
.,617,2320634,2857
.,774,2021065,21917
.,978,6852727,25858
.,978,6201493,17314
.,508,8352800,23794
.,781,5953200,12937
.,508,3392119,14396
.,617,2987970,19814
.,978,6201495,22394
.,508,5838313,24285
.,781,3951900,24548
.,413,5680555,12513
.,978,4410000,24264
.,781,3447661,22014
.,978,2489470,20318
.,781,5954888,25673
.,781,0,30838
.,781,7694495,27523
.,978,9899897,1499
.,781,4497855,16569
.,617,8789999,32456
.,413,4424978,22591
.,781,5984570,23642
.,508,9971441,24763
.,413,2065880,27051
.,413,2065580,22052
.,413,3220178,28597
.,617,4237563,1499
.,978,5312499,29333
.,301,3704714,29148
.,781,7901503,13284
.,508,9250389,14718
.,781,6291699,23260
.,508,6734480,16268
.,781,2462820,20226
.,978,5312254,25840
.,617,4695836,17624
.,617,4695836,18272
.,508,7522546,27454
.,508,6555000,1410
.,508,2349771,15362
.,617,2650200,32183
.,508,7567272,18357
.,978,3742175,21588
.,978,3742175,24298
.,617,3259447,14095
.,413,7828008,29049
.,413,3019655,14897
.,978,4715180,2662
.,508,9985599,13660
.,508,0,31049
.,978,9215020,32621
.,978,6883248,27828
.,508,2662054,25535
.,781,4747771,25257
.,617,9321166,17176
.,508,9577754,21898
.,508,8330223,14698
.,413,5676211,30189
.,508,3943514,30767
.,617,7799999,15453
.,508,8800202,22041
.,508,8317500,32190
.,617,2026100,16489
.,508,6500144,21818
.,617,7950668,25159
.,781,5982454,15032
.,617,6634881,13648
.,508,3205324,24145
.,508,7211219,15855
.,413,5345691,2300
.,617,2424872,2117
.,978,4667890,29770
.,413,2051229,15172
.,978,9309410,23333
.,508,9454601,29612
.,508,8204800,2004
.,978,7747566,16124
.,781,3583000,24374
.,508,7910081,27775
.,617,8898744,17372
.,83,4599343,2375
.,508,6757583,29866
.,508,9926278,18593
.,508,2220118,13775
.,781,9355550,19890
.,508,3995900,28811
.,508,4872201,13846
.,508,2554623,2255
.,877,2554623,28253
.,978,9043059,26556
.,508,7460215,1465
.,781,4064777,14479
.,978,7741350,30525
.,617,7381113,12734
.,617,9696130,31235
.,978,4620209,19083
.,978,6321230,12686
.,781,3387866,19925
.,800,3311044,2812
.,978,7280621,25942
.,781,2349950,2291
.,413,5333923,14568
.,508,9570200,25451
.,508,9733200,24683
.,413,7742400,29250
.,508,6930189,16752
.,978,4256675,31856
.,413,5490115,25678
.,508,2910049,19976
.,413,7864004,1834
.,413,4432994,26649
.,508,7130512,18367
.,508,6720580,24612
.,617,6634997,16646
.,508,2290912,20214
.,978,9733749,3001
.,978,5524000,30953
.,508,2668290,21617
.,508,3831000,28812
.,978,2243399,28858
.,781,4588490,17430
.,508,8521589,22819
.,781,6592342,15021
.,508,3414145,24810
.,508,7651515,27767
.,508,2666402,22931
.,781,6709449,16651
.,781,6247080,14432
.,413,5652500,29828
.,781,5666242,16657
.,978,4433359,29870
.,413,5400140,2943
.,508,7918200,2389
.,508,3336856,19887
.,781,6436090,23548
.,413,5841060,2600
.,508,4730862,21365
.,508,7567176,19975
.,508,9577710,15097
.,781,7079524,14182
.,978,7747566,14164
.,508,9570200,29785
.,978,5524501,26762
.,508,7516800,19364
.,866,6709449,13653
.,508,7170270,1948
.,508,8336050,31332
.,413,4969272,19630
.,413,2365959,17619
.,617,2670710,23272
.,781,7540813,32440
.,781,7685590,17177
.,617,7232015,2271
.,781,4346400,25992
.,781,8954901,30820
.,781,8957950,29631
.,508,8228839,15569
.,508,7757751,3180
.,508,8338222,23977
.,508,7714263,29621
.,413,7439934,27334
.,978,6326674,24251
.,978,4750959,26519
.,413,7375500,19377
.,781,3263800,21281
.,508,3815600,14645
.,978,8406767,32028
.,508,6654111,31563
.,508,5868700,27984
.,508,7757026,14241
.,781,8352111,17172
.,508,3241171,2098
.,508,7477246,31966
.,781,2550362,27486
.,508,4538802,29164
.,508,5883174,30532
.,508,2227555,22637
.,508,9971271,27796
.,413,3042171,21229
.,617,8336100,18237
.,978,5213235,32266
.,978,6358300,2939
.,617,5477163,19373
.,781,3313820,26086
.,978,8267234,13597
.,978,9224670,27664
.,781,4385995,20065
.,781,6655233,16849
.,978,3492146,14620
.,978,8186360,26258
.,413,7889700,2355
.,508,7468600,12947
.,508,6722290,18989
.,617,8499577,30410
.,413,7367463,3008
.,508,4538820,13243
.,781,8919300,26152
.,978,6855366,19612
.,413,2564452,22666
.,781,3312922,26548
.,617,2770009,16013
.,508,7540700,28188
.,413,5837983,24979
.,781,6994397,31290
.,413,4472764,14312
.,413,5280790,28768
.,617,8597000,16253
.,617,2982475,13597
.,617,7326896,14468
.,508,5862791,19679
.,508,4275329,14724
.,617,7347794,20475
.,781,7448023,24248
.,413,5352529,32762
.,617,3556000,24312
.,617,6163600,14530
.,617,9834470,23869
.,978,3691683,19410
.,781,6420331,27541
.,978,9223080,15330
.,413,5933078,31542
.,617,6366389,21186
.,413,7818855,12654
.,508,6774911,29568
.,585,2480051,28383
.,508,7329272,15054
.,508,3624535,28128
.,978,2500981,19275
.,978,7740350,31020
.,508,8794144,22869
.,978,4415100,31487
.,978,6869900,15493
.,508,6344331,22545
.,508,9960364,24979
.,508,4609250,32439
.,508,4571560,30519
.,978,9753117,25662
.,978,4657030,20087
.,781,2792454,21645
.,508,3411913,32281
.,413,5867989,20948
.,508,9949692,19155
.,413,7862022,27586
.,617,7393000,30517
.,508,6930410,15340
.,617,4459989,3019
.,617,7262000,19287
.,781,3969282,12783
.,508,2281200,24245
.,508,9920629,21691
.,413,4472000,21638
.,978,9751119,15645
.,978,9212052,1377
.,781,2332877,18534
.,617,5477700,27551
.,781,7621544,1879
.,781,9289277,31232
.,781,6191400,24934
.,413,2840700,2214
.,508,4219539,22866
.,978,5327663,15687
.,978,3434100,22832
.,413,7503400,14195
.,781,3418550,18753
.,781,3314100,15336
.,978,7443660,15680
.,508,9433998,16145
.,617,8471700,21073
.,413,7369600,2629
.,617,7893000,30027
.,508,7981234,15472
.,508,8285986,24469
.,615,2022087,12971
.,617,3287707,18053
.,617,4727800,16195
.,508,3340100,18590
.,508,7530886,31337
.,508,8560011,19933
.,781,4311414,22998
.,781,3069740,22987
.,413,7395601,22788
.,781,3269985,21233
.,781,3317700,2288
.,781,9357700,20968
.,413,7730001,27645
.,978,7745000,23826
.,508,3843114,27474
.,781,9847226,20242
.,978,4918084,15744
.,617,3538383,23850
.,781,2758700,31055
.,617,2448480,29433
.,781,3265652,25015
.,781,5347160,23258
.,978,5367980,23670
.,508,4342010,30972
.,781,2347985,3167
.,978,7886195,2160
.,508,4325760,31424
.,508,3594532,23411
.,508,4351250,16468
.,978,5312868,19530
.,617,,23934
.,978,2810333,20491
.,617,8209803,22792
.,617,2984400,1330
.,617,2089635,2875
.,781,2357837,24650
.,978,9573223,28862
.,978,3523849,24043
.,413,5236175,13120
.,413,4390883,17068
.,413,3350782,1880
.,413,4390883,18298
.,413,4390883,30833
.,508,7357197,2349
.,617,5574989,18299
.,301,6541002,16389
.,781,9852143,30314
.,978,4437890,18583
.,978,5379900,28438
.,781,2817485,30227
.,508,9686586,25283
.,603,2338950,20662
.,617,4717200,18882
.,617,3500080,31493
.,508,2156941,19269
.,508,7923444,28711
.,617,2278829,18244
.,617,2278829,30057
.,781,3048220,22799
.,508,7913535,17255
.,508,4229231,26723
.,774,2327300,22288
.,978,9309410,30182
.,508,7965302,24235
.,978,2783320,24184
.,781,2697997,1914
.,508,2825020,22450
.,508,2190101,21221
.,508,6766235,14246
.,774,2329548,23046
.,508,8423960,14693
.,508,3934639,19148
.,978,7700359,25426
.,781,3407811,27278
.,617,8183895,16060
.,781,8857882,22516
.,781,0,25560
.,978,3321503,15150
.,508,3329559,3113
.,857,2223178,13425
.,781,3310062,1569
.,508,2195108,20636
.,508,3437227,18039
.,508,6637513,32128
.,508,6637513,17949
.,978,4597771,19770
.,781,2232852,28617
.,508,2521205,23779
.,781,3288207,31846
.,978,2086915,17393
.,781,2860303,24038
.,617,9521808,2802
.,978,9733601,19284
.,617,9473311,12892
.,508,9907670,15589
.,978,4007302,25179
.,413,5838900,21391
.,508,8202500,19784
.,413,7995627,32345
.,508,9268856,19912
.,623,3407700,27220
.,617,5574534,20570
.,508,7565690,3150
.,413,4377813,16140
.,888,7636287,17944
.,978,2475184,25836
.,413,3018561,19338
.,413,3301764,17223
.,508,2328623,15961
.,978,3322859,22246
.,781,7622929,19132
.,508,7714499,32243
.,508,6936900,1924
.,617,2883333,28679
.,978,6672600,13516
.,781,7067966,23165
.,781,4924762,15241
.,781,3536400,27027
.,617,7929548,30351
.,508,7541203,13924
.,978,8372088,27777
.,508,7470023,27530
.,978,2901124,23478
.,781,9636200,27238
.,617,9718344,25891
.,978,8346577,23718
.,781,4175000,27469
.,978,6915366,29251
.,978,8979000,27767
.,978,9227062,25467
.,781,2817415,30574
.,857,4174832,18111
.,781,3674882,13416
.,413,4553395,20982
.,508,4592424,1514
.,508,5776434,32461
.,781,4007080,21091
.,781,4007105,25525
.,508,7473521,30174
.,508,5283090,13884
.,413,7463711,32415
.,978,6583092,20153
.,508,7548205,24910
.,978,7714142,18459
.,508,7335951,25749
.,508,4041177,26975
.,781,2624900,31359
.,617,2371268,14521
.,781,7996105,14039
.,413,4994562,16632
.,508,7997674,22246
.,978,4556907,2196
.,508,9950685,21783
.,781,3833800,15385
.,781,3833811,15727
.,508,7919868,13514
.,508,3359856,28389
.,413,5331030,21764
.,508,8265387,15597
.,603,5715700,28942
.,508,8797070,22112
.,508,4706300,15321
.,978,6625242,29910
.,978,3696825,13343
.,800,6831209,15449
.,508,6751777,31560
.,781,5201183,28838
.,978,6417518,30483
.,508,3630889,26742
.,508,4354958,13470
.,508,4496435,21270
.,508,7982324,31899
.,781,2810097,19570
.,508,4552787,28864
.,781,9384095,29765
.,917,2865254,22241
.,978,2465710,1938
.,978,3981040,28268
.,781,9415145,27287
.,508,8966327,27951
.,774,2024890,25041
.,617,4818966,30341
.,508,9277877,29351
.,508,9253200,18027
.,781,3500711,29013
.,800,9855354,17530
.,774,4202702,30520
.,508,8491908,2976
.,508,3449916,3230
.,866,9379777,15916
.,781,4405641,30396
.,978,2358299,22984
.,866,9310521,20992
.,781,9865999,18887
.,413,7316522,15634
.,617,   ,30546
.,508,7561212,21187
.,617,6674349,20452
.,617,6387760,30246
.,617,7325537,30448
.,617,2521906,14979
.,617,9192272,16558
.,617,6324266,14692
.,617,4969566,18546
.,617,7322635,15666
.,617,5733006,16359
.,617,7249300,15582
.,617,2530148,3144
.,617,8553227,17148
.,617,3732101,2390
.,617,8713400,1727
.,617,9014221,32050
.,508,8561572,3238
.,617,3416692,26360
.,617,2585106,25185
